driverId,driver_name,code,forename,surname,nationality,year,constructorId,n_races,total_points,avg_points,avg_grid,avg_finish,best_finish,worst_finish,wins,podiums,podium_rate,win_rate,points_finishes,points_rate,top10_finishes,top10_rate,total_laps,avg_best_lap,avg_kph,avg_gap_to_winner,driver_speed,driver_vs_team_speed,finish_std,points_std,pos_change_std,avg_pos_change,dnf_count,dnf_rate,clean_race_rate,team_total_points,team_avg_points,team_avg_pos_season,team_speed,driver_vs_team_avg_finish,driver_vs_team_avg_points
1,Lewis Hamilton,HAM,Lewis,Hamilton,British,2019,131,21,413.0,19.666666666666668,2.3333333333333335,2.380952380952381,1,9,11,17,0.8095238095238095,0.5238095238095238,21,1.0,21,1.0,1262,87.75838095238095,212.48285714285717,6.419761904761905,87.75838095238095,0.052452380952374256,2.2017309208027775,7.241086474648217,2.3974192473614306,-0.047619047619047616,0,0.0,1.0,739.0,17.595238095238095,3.238095238095238,87.70592857142857,-0.8571428571428572,2.071428571428573
1,Lewis Hamilton,HAM,Lewis,Hamilton,British,2020,131,16,347.0,21.6875,1.875,1.875,1,7,11,14,0.875,0.6875,16,1.0,16,1.0,950,85.7535625,222.07975,4.71275,85.7535625,1.5680919117647107,1.6683325008322931,6.096105314050931,2.1291625896895083,0.0,0,0.0,1.0,573.0,16.852941176470587,3.735294117647059,84.18547058823529,-1.8602941176470589,4.834558823529413
1,Lewis Hamilton,HAM,Lewis,Hamilton,British,2021,131,22,385.5,17.522727272727273,3.090909090909091,3.409090909090909,1,17,8,17,0.7727272727272727,0.36363636363636365,20,0.9090909090909091,20,0.9090909090909091,1269,84.33457142857144,215.31619047619049,13.391571428571426,84.33457142857144,-0.5125261324041617,4.349702681783367,8.121806731802018,4.7145808644324605,-0.3181818181818182,1,0.045454545454545456,0.9545454545454546,604.5,13.738636363636363,5.409090909090909,84.8470975609756,-2.0,3.78409090909091
1,Lewis Hamilton,HAM,Lewis,Hamilton,British,2022,131,22,233.0,10.590909090909092,6.5,6.045454545454546,2,20,0,9,0.4090909090909091,0.0,19,0.8636363636363636,19,0.8636363636363636,1246,88.03638095238095,207.56600000000003,27.63047368421053,88.03638095238095,-0.3389761904761883,5.112796948901124,6.680883110352936,5.99783510727212,0.45454545454545453,3,0.13636363636363635,0.8636363636363636,495.0,11.25,5.5227272727272725,88.37535714285714,0.5227272727272734,-0.6590909090909083
1,Lewis Hamilton,HAM,Lewis,Hamilton,British,2023,131,22,217.0,9.863636363636363,6.090909090909091,6.181818181818182,2,19,0,6,0.2727272727272727,0.0,20,0.9090909090909091,20,0.9090909090909091,1268,87.29309523809523,212.886,32.079750000000004,87.29309523809523,-0.3079280177187229,4.6047218377946795,5.709603059720273,5.813851202160732,-0.09090909090909091,2,0.09090909090909091,0.9090909090909091,374.0,8.5,7.136363636363637,87.60102325581396,-0.954545454545455,1.3636363636363633
1,Lewis Hamilton,HAM,Lewis,Hamilton,British,2024,131,24,207.0,8.625,8.041666666666666,6.958333333333333,1,20,2,5,0.20833333333333334,0.08333333333333333,21,0.875,21,0.875,1346,87.49036363636364,216.22190909090907,35.325909090909086,87.49036363636364,-0.1856141414141348,4.722556112094811,7.370991910125152,4.835706563783052,1.0833333333333333,2,0.08333333333333333,0.9166666666666666,433.0,9.020833333333334,6.854166666666667,87.67597777777777,0.10416666666666607,-0.3958333333333339
4,Fernando Alonso,ALO,Fernando,Alonso,Spanish,2021,214,22,81.0,3.6818181818181817,10.5,9.909090909090908,3,19,0,1,0.045454545454545456,0.0,15,0.6818181818181818,15,0.6818181818181818,1257,85.64552380952381,211.90385714285713,43.67881818181818,85.64552380952381,-0.865329849012781,4.417595671307133,4.2357476838875145,4.457835166568451,0.5909090909090909,11,0.5,0.5,155.0,3.522727272727273,10.25,86.51085365853659,-0.3409090909090917,0.15909090909090873
4,Fernando Alonso,ALO,Fernando,Alonso,Spanish,2022,214,22,81.0,3.6818181818181817,9.409090909090908,10.863636363636363,5,20,0,0,0.0,0.0,14,0.6363636363636364,14,0.6363636363636364,1118,91.00077272727273,204.53618181818183,39.99041666666667,91.00077272727273,0.1883181818181896,5.46238613956047,3.797071097273386,7.6763537520366345,-1.4545454545454546,10,0.45454545454545453,0.5454545454545454,170.0,3.8636363636363638,9.863636363636363,90.81245454545454,1.0,-0.1818181818181821
4,Fernando Alonso,ALO,Fernando,Alonso,Spanish,2023,117,22,198.0,9.0,6.045454545454546,6.636363636363637,2,18,0,8,0.36363636363636365,0.0,19,0.8636363636363636,19,0.8636363636363636,1294,87.75840909090908,212.3120909090909,37.52565,87.75840909090908,-0.06805602536998379,4.624422275839588,6.531972647421808,4.327751983355473,-0.5909090909090909,2,0.09090909090909091,0.9090909090909091,266.0,6.045454545454546,8.909090909090908,87.82646511627907,-2.2727272727272716,2.954545454545454
4,Fernando Alonso,ALO,Fernando,Alonso,Spanish,2024,117,24,70.0,2.9166666666666665,9.416666666666666,10.166666666666666,5,19,0,0,0.0,0.0,14,0.5833333333333334,14,0.5833333333333334,1380,88.19326086956521,215.0672608695652,59.58675,88.19326086956521,-0.5902724637681303,3.9083708010935423,3.295803216300954,3.0962810792528397,-0.75,8,0.3333333333333333,0.6666666666666667,94.0,1.9583333333333333,11.770833333333334,88.78353333333334,-1.6041666666666679,0.9583333333333333
8,Kimi Räikkönen,RAI,Kimi,Räikkönen,Finnish,2019,51,21,43.0,2.0476190476190474,10.523809523809524,11.619047619047619,4,19,0,0,0.0,0.0,9,0.42857142857142855,9,0.42857142857142855,1224,89.70790476190476,207.83914285714286,45.89816666666667,89.70790476190476,-0.08190476190476659,4.128876245132451,3.201190254830076,5.787095661078723,-1.0952380952380953,15,0.7142857142857143,0.2857142857142857,57.0,1.3571428571428572,12.738095238095237,89.78980952380952,-1.1190476190476186,0.6904761904761902
8,Kimi Räikkönen,RAI,Kimi,Räikkönen,Finnish,2020,51,17,4.0,0.23529411764705882,16.352941176470587,13.058823529411764,9,17,0,0,0.0,0.0,2,0.11764705882352941,2,0.11764705882352941,1009,85.82911764705882,217.44882352941178,37.9065,85.82911764705882,-2.028029411764706,2.2212211797594055,0.6642111641550714,3.6014702879926856,3.2941176470588234,11,0.6470588235294118,0.3529411764705882,8.0,0.23529411764705882,13.852941176470589,87.85714705882353,-0.7941176470588243,0.0
8,Kimi Räikkönen,RAI,Kimi,Räikkönen,Finnish,2021,51,20,10.0,0.5,13.4,13.2,8,20,0,0,0.0,0.0,4,0.2,4,0.2,1061,86.82083333333334,210.12916666666666,63.6444,86.82083333333334,0.5546869918699144,3.4120529396769177,1.2354415362426845,6.0489233491763255,0.2,15,0.75,0.25,13.0,0.29545454545454547,13.204545454545455,86.26614634146343,-0.0045454545454557405,0.20454545454545453
9,Robert Kubica,KUB,Robert,Kubica,Polish,2019,3,21,1.0,0.047619047619047616,15.952380952380953,17.0,10,20,0,0,0.0,0.0,1,0.047619047619047616,1,0.047619047619047616,1179,91.30295238095239,204.18857142857144,36.0055,91.30295238095239,0.3571428571428612,2.0493901531919194,0.21821789023599236,6.967612148191018,-1.0476190476190477,19,0.9047619047619048,0.09523809523809523,1.0,0.023809523809523808,16.404761904761905,90.94580952380953,0.5952380952380949,0.023809523809523808
9,Robert Kubica,KUB,Robert,Kubica,Polish,2021,51,2,0.0,0.0,16.5,14.5,14,15,0,0,0.0,0.0,0,0.0,0,0.0,123,80.6455,223.079,29.769,80.6455,-5.620646341463427,0.7071067811865476,0.0,1.4142135623730951,2.0,1,0.5,0.5,13.0,0.29545454545454547,13.204545454545455,86.26614634146343,1.295454545454545,-0.29545454545454547
20,Sebastian Vettel,VET,Sebastian,Vettel,German,2019,6,21,240.0,11.428571428571429,4.238095238095238,6.428571428571429,1,20,1,9,0.42857142857142855,0.047619047619047616,16,0.7619047619047619,16,0.7619047619047619,1178,88.40238095238095,210.99676190476188,24.4485625,88.40238095238095,-0.09657142857143697,6.15281584781658,7.413308496018687,7.865233929255045,-2.1904761904761907,5,0.23809523809523808,0.7619047619047619,504.0,12.0,6.0,88.49895238095239,0.4285714285714288,-0.5714285714285712
20,Sebastian Vettel,VET,Sebastian,Vettel,German,2020,6,17,33.0,1.9411764705882353,12.058823529411764,11.529411764705882,3,20,0,1,0.058823529411764705,0.0,7,0.4117647058823529,7,0.4117647058823529,914,86.9799375,216.6995,40.720333333333336,86.9799375,-1.1153124999999875,4.259073359588085,4.069253436370333,3.8748814023596827,0.5294117647058824,8,0.47058823529411764,0.5294117647058824,131.0,3.8529411764705883,10.705882352941176,88.09525,0.8235294117647065,-1.911764705882353
20,Sebastian Vettel,VET,Sebastian,Vettel,German,2021,117,22,43.0,1.9545454545454546,11.181818181818182,12.045454545454545,2,20,0,1,0.045454545454545456,0.0,7,0.3181818181818182,7,0.3181818181818182,1263,85.96180952380953,211.09733333333332,38.878166666666665,85.96180952380953,-0.2161173054587664,4.644272178637259,4.402134468503646,6.033994606319341,-0.8636363636363636,16,0.7272727272727273,0.2727272727272727,77.0,1.75,12.0,86.1779268292683,0.04545454545454497,0.20454545454545459
20,Sebastian Vettel,VET,Sebastian,Vettel,German,2022,117,20,37.0,1.85,12.6,11.45,6,20,0,0,0.0,0.0,10,0.5,10,0.5,1101,89.9786,203.7276,56.581615384615375,89.9786,-0.3986272727272677,4.135532804723881,2.621269278723372,5.83343358309847,1.15,7,0.35,0.65,55.0,1.25,11.886363636363637,90.37722727272727,-0.4363636363636374,0.6000000000000001
154,Romain Grosjean,GRO,Romain,Grosjean,French,2019,210,21,8.0,0.38095238095238093,11.571428571428571,15.047619047619047,7,20,0,0,0.0,0.0,3,0.14285714285714285,3,0.14285714285714285,1043,90.0201,205.81885000000003,32.4392,90.0201,0.15183170731707207,3.866215080362065,1.3219754338182867,4.718252299517774,-3.4761904761904763,16,0.7619047619047619,0.23809523809523814,28.0,0.6666666666666666,14.404761904761905,89.86826829268293,0.6428571428571423,-0.2857142857142857
154,Romain Grosjean,GRO,Romain,Grosjean,French,2020,210,15,2.0,0.13333333333333333,14.133333333333333,15.333333333333334,9,20,0,0,0.0,0.0,1,0.06666666666666667,1,0.06666666666666667,800,86.53571428571429,218.45642857142857,46.84316666666667,86.53571428571429,-0.9453482142857013,2.9195563916132055,0.5163977794943222,6.002380480157137,-1.2,9,0.6,0.4,3.0,0.08823529411764706,15.794117647058824,87.4810625,-0.46078431372549034,0.04509803921568627
807,Nico Hülkenberg,HUL,Nico,Hülkenberg,German,2019,4,21,37.0,1.7619047619047619,10.428571428571429,11.80952380952381,5,20,0,0,0.0,0.0,10,0.47619047619047616,10,0.47619047619047616,1182,90.3,206.4547619047619,53.05657142857143,90.3,-0.08445238095238494,4.154744849194082,2.736873433404656,4.758951465146398,-1.380952380952381,14,0.6666666666666666,0.33333333333333337,91.0,2.1666666666666665,11.976190476190476,90.38445238095238,-0.16666666666666607,-0.40476190476190466
807,Nico Hülkenberg,HUL,Nico,Hülkenberg,German,2020,211,3,10.0,3.3333333333333335,12.0,11.666666666666666,7,20,0,0,0.0,0.0,2,0.6666666666666666,2,0.6666666666666666,112,90.41,219.834,44.2735,90.41,5.638612903225805,7.234178138070234,3.0550504633038935,10.214368964029708,0.3333333333333333,1,0.3333333333333333,0.6666666666666667,210.0,6.176470588235294,9.205882352941176,84.77138709677419,2.4607843137254903,-2.843137254901961
807,Nico Hülkenberg,HUL,Nico,Hülkenberg,German,2022,117,2,0.0,0.0,17.0,14.5,12,17,0,0,0.0,0.0,0,0.0,0,0.0,107,95.926,217.8665,77.7855,95.926,5.548772727272734,3.5355339059327378,0.0,3.5355339059327378,2.5,0,0.0,1.0,55.0,1.25,11.886363636363637,90.37722727272727,2.6136363636363633,-1.25
807,Nico Hülkenberg,HUL,Nico,Hülkenberg,German,2023,210,22,6.0,0.2727272727272727,9.681818181818182,14.545454545454545,7,20,0,0,0.0,0.0,1,0.045454545454545456,1,0.045454545454545456,1250,88.56663636363636,210.38227272727272,64.854,88.56663636363636,-0.39373572938688994,2.9232609437842783,1.2792042981336627,5.906376332852604,-4.863636363636363,12,0.5454545454545454,0.4545454545454546,9.0,0.20454545454545456,15.068181818181818,88.96037209302325,-0.5227272727272734,0.06818181818181815
807,Nico Hülkenberg,HUL,Nico,Hülkenberg,German,2024,210,24,36.0,1.5,11.833333333333334,11.625,6,20,0,0,0.0,0.0,10,0.4166666666666667,10,0.4166666666666667,1271,88.88682608695652,213.26421739130436,67.94461538461539,88.88682608695652,0.13721739130434685,3.9870714980339623,2.431675035497315,3.348966961638309,0.20833333333333334,11,0.4583333333333333,0.5416666666666667,51.0,1.0625,12.395833333333334,88.74960869565217,-0.7708333333333339,0.4375
815,Sergio Pérez,PER,Sergio,Pérez,Mexican,2019,211,21,52.0,2.4761904761904763,12.238095238095237,10.80952380952381,6,20,0,0,0.0,0.0,11,0.5238095238095238,11,0.5238095238095238,1169,90.25595000000001,207.7889,59.914375,90.25595000000001,0.3030719512195219,4.130605858939432,3.0102997794081507,5.48243949872161,1.4285714285714286,13,0.6190476190476191,0.38095238095238093,73.0,1.7380952380952381,11.785714285714286,89.95287804878049,-0.9761904761904763,0.7380952380952381
815,Sergio Pérez,PER,Sergio,Pérez,Mexican,2020,211,15,125.0,8.333333333333334,7.4,7.4,1,20,1,2,0.13333333333333333,0.06666666666666667,13,0.8666666666666667,13,0.8666666666666667,879,84.81700000000001,216.3682,26.7445,84.81700000000001,0.045612903225816126,5.315744807375807,6.8729975438737965,5.451081150953975,0.0,5,0.3333333333333333,0.6666666666666667,210.0,6.176470588235294,9.205882352941176,84.77138709677419,-1.8058823529411754,2.1568627450980395
815,Sergio Pérez,PER,Sergio,Pérez,Mexican,2021,9,22,190.0,8.636363636363637,4.409090909090909,7.545454545454546,1,19,1,5,0.22727272727272727,0.045454545454545456,16,0.7272727272727273,16,0.7272727272727273,1186,85.0316,214.97075,40.58529411764705,85.0316,0.484224999999995,5.612293247669396,6.945676658355487,7.376251819799193,-3.1363636363636362,5,0.22727272727272727,0.7727272727272727,578.5,13.147727272727273,5.840909090909091,84.547375,1.704545454545455,-4.511363636363637
815,Sergio Pérez,PER,Sergio,Pérez,Mexican,2022,9,22,291.0,13.227272727272727,4.818181818181818,5.409090909090909,1,20,2,11,0.5,0.09090909090909091,19,0.8636363636363636,19,0.8636363636363636,1183,88.89068181818182,208.703,13.099473684210528,88.89068181818182,0.16540909090909395,5.885082763581082,7.190813042194339,5.4218173978938,-0.5909090909090909,3,0.13636363636363635,0.8636363636363636,724.0,16.454545454545453,4.454545454545454,88.72527272727272,0.954545454545455,-3.2272727272727266
815,Sergio Pérez,PER,Sergio,Pérez,Mexican,2023,9,22,260.0,11.818181818181818,7.454545454545454,5.863636363636363,1,20,2,9,0.4090909090909091,0.09090909090909091,19,0.8636363636363636,19,0.8636363636363636,1215,87.76371428571429,214.20571428571427,22.649052631578947,87.76371428571429,0.4937142857142902,5.548877660396136,7.404222499527606,7.035008314944765,1.5909090909090908,3,0.13636363636363635,0.8636363636363636,790.0,17.954545454545453,3.5681818181818183,87.27,2.295454545454545,-6.136363636363635
815,Sergio Pérez,PER,Sergio,Pérez,Mexican,2024,9,24,138.0,5.75,8.541666666666666,9.625,2,20,0,4,0.16666666666666666,0.0,16,0.6666666666666666,16,0.6666666666666666,1264,88.01040909090909,215.3214090909091,41.49425,88.01040909090909,0.2291424242424256,5.851885612124634,6.319397329547783,5.822868459912972,-1.0833333333333333,8,0.3333333333333333,0.6666666666666667,537.0,11.1875,6.625,87.78126666666667,3.0,-5.4375
817,Daniel Ricciardo,RIC,Daniel,Ricciardo,Australian,2019,4,21,54.0,2.5714285714285716,10.619047619047619,12.142857142857142,4,20,0,0,0.0,0.0,8,0.38095238095238093,8,0.38095238095238093,1120,90.46890476190477,206.21733333333336,51.382375,90.46890476190477,0.08445238095238494,5.275279274936202,3.80225497003329,4.8848648662890115,-1.5238095238095237,13,0.6190476190476191,0.38095238095238093,91.0,2.1666666666666665,11.976190476190476,90.38445238095238,0.16666666666666607,0.4047619047619051
817,Daniel Ricciardo,RIC,Daniel,Ricciardo,Australian,2020,4,17,119.0,7.0,7.588235294117647,7.470588235294118,3,19,0,2,0.11764705882352941,0.0,14,0.8235294117647058,14,0.8235294117647058,979,85.30776470588235,218.7050588235294,33.56916666666667,85.30776470588235,-1.8770294117647097,4.244373438135827,5.361902647381804,4.0908793819479765,0.11764705882352941,5,0.29411764705882354,0.7058823529411764,181.0,5.323529411764706,8.941176470588236,87.18479411764706,-1.4705882352941178,1.6764705882352944
817,Daniel Ricciardo,RIC,Daniel,Ricciardo,Australian,2021,1,22,114.0,5.181818181818182,9.681818181818182,8.590909090909092,1,19,1,1,0.045454545454545456,0.045454545454545456,13,0.5909090909090909,13,0.5909090909090909,1267,85.97828571428572,211.07990476190474,49.322230769230764,85.97828571428572,0.2345540069686507,4.193635664501636,6.314279837806515,3.650297977518455,1.0909090909090908,9,0.4090909090909091,0.5909090909090908,274.0,6.2272727272727275,7.795454545454546,85.74373170731707,0.7954545454545459,-1.0454545454545459
817,Daniel Ricciardo,RIC,Daniel,Ricciardo,Australian,2022,1,22,34.0,1.5454545454545454,11.409090909090908,12.5,5,20,0,0,0.0,0.0,7,0.3181818181818182,7,0.3181818181818182,1195,91.17890476190476,205.1924285714286,62.89521428571429,91.17890476190476,0.7753698781838381,4.1719014735204265,2.8904979423930324,5.706379812347805,-1.0909090909090908,8,0.36363636363636365,0.6363636363636364,150.0,3.409090909090909,10.636363636363637,90.40353488372092,1.8636363636363633,-1.8636363636363638
817,Daniel Ricciardo,RIC,Daniel,Ricciardo,Australian,2023,213,7,6.0,0.8571428571428571,13.714285714285714,12.714285714285714,7,16,0,0,0.0,0.0,1,0.14285714285714285,1,0.14285714285714285,417,90.93114285714286,208.10714285714286,62.348749999999995,90.93114285714286,2.571714285714293,2.984084768360628,2.2677868380553634,2.70801280154532,1.0,3,0.42857142857142855,0.5714285714285714,22.0,0.5,13.613636363636363,88.35942857142857,-0.8993506493506498,0.3571428571428571
817,Daniel Ricciardo,RIC,Daniel,Ricciardo,Australian,2024,215,18,7.0,0.3888888888888889,13.11111111111111,13.38888888888889,8,19,0,0,0.0,0.0,3,0.16666666666666666,3,0.16666666666666666,996,88.4049375,214.56312499999999,72.68033333333334,88.4049375,-0.6338124999999906,3.0125011865047973,1.0369008625190792,3.69109509584025,-0.2777777777777778,12,0.6666666666666666,0.33333333333333337,40.0,0.8333333333333334,13.291666666666666,89.03875,0.09722222222222321,-0.4444444444444445
822,Valtteri Bottas,BOT,Valtteri,Bottas,Finnish,2019,131,21,326.0,15.523809523809524,3.7142857142857144,4.095238095238095,1,20,4,15,0.7142857142857143,0.19047619047619047,19,0.9047619047619048,19,0.9047619047619048,1233,87.65347619047618,212.64204761904762,11.169722222222223,87.65347619047618,-0.05245238095238847,4.805255059877279,7.373052608106412,6.0039669425821325,-0.38095238095238093,3,0.14285714285714285,0.8571428571428572,739.0,17.595238095238095,3.238095238095238,87.70592857142857,0.8571428571428568,-2.071428571428571
822,Valtteri Bottas,BOT,Valtteri,Bottas,Finnish,2020,131,17,223.0,13.117647058823529,2.2941176470588234,5.176470588235294,1,19,2,11,0.6470588235294118,0.11764705882352941,14,0.8235294117647058,14,0.8235294117647058,994,84.40264705882353,221.23611764705882,15.478466666666666,84.40264705882353,0.2171764705882424,5.174882777871001,8.50648541511987,4.986009839305079,-2.8823529411764706,2,0.11764705882352941,0.8823529411764706,573.0,16.852941176470587,3.735294117647059,84.18547058823529,1.4411764705882355,-3.735294117647058
822,Valtteri Bottas,BOT,Valtteri,Bottas,Finnish,2021,131,22,219.0,9.954545454545455,5.590909090909091,7.409090909090909,1,20,1,11,0.5,0.045454545454545456,15,0.6818181818181818,15,0.6818181818181818,1134,85.38525,214.02609999999999,28.202117647058824,85.38525,0.538152439024401,6.344544645066875,7.804011622402762,7.823264229428993,-1.8181818181818181,5,0.22727272727272727,0.7727272727272727,604.5,13.738636363636363,5.409090909090909,84.8470975609756,2.0,-3.7840909090909083
822,Valtteri Bottas,BOT,Valtteri,Bottas,Finnish,2022,51,22,47.0,2.1363636363636362,10.454545454545455,12.090909090909092,5,20,0,0,0.0,0.0,9,0.4090909090909091,9,0.4090909090909091,1136,89.35904761904762,204.53647619047618,51.37436363636363,89.35904761904762,-0.747309523809534,4.780008875356284,3.270291301215412,5.44710892777037,-1.6363636363636365,11,0.5,0.5,53.0,1.2045454545454546,13.204545454545455,90.10635714285715,-1.1136363636363633,0.9318181818181817
822,Valtteri Bottas,BOT,Valtteri,Bottas,Finnish,2023,51,22,10.0,0.45454545454545453,13.0,13.954545454545455,8,20,0,0,0.0,0.0,4,0.18181818181818182,4,0.18181818181818182,1229,89.87495454545454,208.00577272727276,62.817083333333336,89.87495454545454,0.6219772727272783,3.6577025410478474,1.184313050927584,4.835161618683276,-0.9545454545454546,10,0.45454545454545453,0.5454545454545454,16.0,0.36363636363636365,14.0,89.25297727272726,-0.04545454545454497,0.09090909090909088
822,Valtteri Bottas,BOT,Valtteri,Bottas,Finnish,2024,15,24,0.0,0.0,14.25,15.833333333333334,11,20,0,0,0.0,0.0,0,0.0,0,0.0,1360,89.20382608695652,212.51208695652176,55.4624,89.20382608695652,0.059347826086963096,2.219805449106759,0.0,4.1589784141391455,-1.5833333333333333,19,0.7916666666666666,0.20833333333333337,4.0,0.08333333333333333,15.666666666666666,89.14447826086956,0.16666666666666785,-0.08333333333333333
825,Kevin Magnussen,MAG,Kevin,Magnussen,Danish,2019,210,21,20.0,0.9523809523809523,10.952380952380953,13.761904761904763,6,20,0,0,0.0,0.0,4,0.19047619047619047,4,0.19047619047619047,1187,89.72366666666667,207.67204761904765,48.6855,89.72366666666667,-0.1446016260162537,3.948477705455128,2.246690688016276,5.230860805059217,-2.8095238095238093,15,0.7142857142857143,0.2857142857142857,28.0,0.6666666666666666,14.404761904761905,89.86826829268293,-0.6428571428571423,0.2857142857142857
825,Kevin Magnussen,MAG,Kevin,Magnussen,Danish,2020,210,17,1.0,0.058823529411764705,15.764705882352942,15.941176470588236,10,20,0,0,0.0,0.0,1,0.058823529411764705,1,0.058823529411764705,814,89.2778125,209.49699999999999,55.83166666666667,89.2778125,1.796750000000003,2.7944272274317266,0.242535625036333,4.003674782584855,-0.17647058823529413,14,0.8235294117647058,0.17647058823529416,3.0,0.08823529411764706,15.794117647058824,87.4810625,0.14705882352941124,-0.02941176470588236
825,Kevin Magnussen,MAG,Kevin,Magnussen,Danish,2022,210,22,21.0,0.9545454545454546,12.954545454545455,14.136363636363637,5,20,0,0,0.0,0.0,6,0.2727272727272727,6,0.2727272727272727,1132,92.04880952380952,203.75671428571428,58.71344444444445,92.04880952380952,0.9190000000000111,4.085927703081053,2.2777865765500698,4.924538785620665,-1.1818181818181819,13,0.5909090909090909,0.40909090909090906,33.0,0.75,14.272727272727273,91.12980952380951,-0.1363636363636367,0.20454545454545459
825,Kevin Magnussen,MAG,Kevin,Magnussen,Danish,2023,210,22,3.0,0.13636363636363635,12.545454545454545,15.590909090909092,10,20,0,0,0.0,0.0,3,0.13636363636363635,3,0.13636363636363635,1169,89.37285714285714,210.1725238095238,67.32842857142857,89.37285714285714,0.4124850498338901,3.1115620163863325,0.35125008665710444,6.129377135506027,-3.0454545454545454,15,0.6818181818181818,0.31818181818181823,9.0,0.20454545454545456,15.068181818181818,88.96037209302325,0.5227272727272734,-0.0681818181818182
825,Kevin Magnussen,MAG,Kevin,Magnussen,Danish,2024,210,22,14.0,0.6363636363636364,13.727272727272727,13.363636363636363,7,20,0,0,0.0,0.0,5,0.22727272727272727,5,0.22727272727272727,1233,88.02585714285713,215.74866666666665,70.55725,88.02585714285713,-0.7237515527950364,3.697430955541384,1.5289415743128767,4.942964741215583,0.36363636363636365,10,0.45454545454545453,0.5454545454545454,51.0,1.0625,12.395833333333334,88.74960869565217,0.9678030303030294,-0.42613636363636365
826,Daniil Kvyat,KVY,Daniil,Kvyat,Russian,2019,5,21,37.0,1.7619047619047619,13.380952380952381,11.857142857142858,3,19,0,1,0.047619047619047616,0.0,10,0.47619047619047616,10,0.47619047619047616,1194,89.46461904761905,208.29680952380954,45.614625,89.46461904761905,-0.15338095238095661,4.292851200376205,3.520010822494185,6.1206131034321025,1.5238095238095237,13,0.6190476190476191,0.38095238095238093,85.0,2.0238095238095237,11.5,89.61800000000001,0.35714285714285765,-0.26190476190476186
826,Daniil Kvyat,KVY,Daniil,Kvyat,Russian,2020,213,17,32.0,1.8823529411764706,12.235294117647058,11.058823529411764,4,19,0,0,0.0,0.0,7,0.4117647058823529,7,0.4117647058823529,986,86.12188235294118,216.86217647058825,42.2295,86.12188235294118,0.019791443850266432,3.7827005603684474,3.3332107820609034,3.3210558207753573,1.1764705882352942,9,0.5294117647058824,0.47058823529411764,107.0,3.1470588235294117,10.705882352941176,86.10209090909092,0.35294117647058876,-1.2647058823529411
830,Max Verstappen,VER,Max,Verstappen,Dutch,2019,9,21,278.0,13.238095238095237,4.714285714285714,5.0,1,20,3,9,0.42857142857142855,0.14285714285714285,19,0.9047619047619048,19,0.9047619047619048,1180,87.5516,209.60500000000002,22.114842105263158,87.5516,-0.579546341463427,4.959838707054898,7.161736953454531,5.330505202538097,-0.2857142857142857,2,0.09523809523809523,0.9047619047619048,417.0,9.928571428571429,6.261904761904762,88.13114634146342,-1.2619047619047619,3.3095238095238084
830,Max Verstappen,VER,Max,Verstappen,Dutch,2020,9,17,214.0,12.588235294117647,3.0588235294117645,7.117647058823529,1,20,2,11,0.6470588235294118,0.11764705882352941,12,0.7058823529411765,12,0.7058823529411765,795,86.72853333333335,219.34286666666668,15.060166666666667,86.72853333333335,0.8535333333333455,7.614807556179411,9.185986770139422,7.709333533413363,-4.0588235294117645,5,0.29411764705882354,0.7058823529411764,319.0,9.382352941176471,7.705882352941177,85.875,-0.5882352941176476,3.2058823529411757
830,Max Verstappen,VER,Max,Verstappen,Dutch,2021,9,22,388.5,17.65909090909091,2.8636363636363638,4.136363636363637,1,20,10,18,0.8181818181818182,0.45454545454545453,19,0.8636363636363636,19,0.8636363636363636,1211,84.06315,214.30945000000003,12.73142105263158,84.06315,-0.48422500000000923,6.151232586861136,9.112244984525418,7.672969364884684,-1.2727272727272727,3,0.13636363636363635,0.8636363636363636,578.5,13.147727272727273,5.840909090909091,84.547375,-1.7045454545454541,4.511363636363637
830,Max Verstappen,VER,Max,Verstappen,Dutch,2022,9,22,433.0,19.681818181818183,3.409090909090909,3.5,1,19,15,17,0.7727272727272727,0.6818181818181818,20,0.9090909090909091,20,0.9090909090909091,1271,88.55986363636363,209.67009090909093,4.53405,88.55986363636363,-0.16540909090909395,5.244044240850759,9.203448440854286,6.502080918987111,-0.09090909090909091,2,0.09090909090909091,0.9090909090909091,724.0,16.454545454545453,4.454545454545454,88.72527272727272,-0.9545454545454541,3.22727272727273
830,Max Verstappen,VER,Max,Verstappen,Dutch,2023,9,22,530.0,24.09090909090909,3.1818181818181817,1.2727272727272727,1,5,19,21,0.9545454545454546,0.8636363636363636,22,1.0,22,1.0,1325,86.79872727272726,214.76668181818184,1.3151363636363635,86.79872727272726,-0.4712727272727335,0.8827348295047496,3.7784992096143513,3.421348813790799,1.9090909090909092,0,0.0,1.0,790.0,17.954545454545453,3.5681818181818183,87.27,-2.295454545454546,6.136363636363637
830,Max Verstappen,VER,Max,Verstappen,Dutch,2024,9,24,399.0,16.625,3.5416666666666665,3.625,1,19,9,14,0.5833333333333334,0.375,23,0.9583333333333334,23,0.9583333333333334,1389,87.56208695652174,216.48939130434783,17.17513043478261,87.56208695652174,-0.2191797101449282,3.842694932963855,7.98265783351363,5.436724290829245,-0.08333333333333333,1,0.041666666666666664,0.9583333333333334,537.0,11.1875,6.625,87.78126666666667,-3.0,5.4375
832,Carlos Sainz,SAI,Carlos,Sainz,Spanish,2019,1,21,96.0,4.571428571428571,10.285714285714286,10.047619047619047,3,20,0,1,0.047619047619047616,0.0,13,0.6190476190476191,13,0.6190476190476191,1133,88.65445,206.81225,48.8166,88.65445,-0.8354280487804857,5.481570855842242,4.621378891320518,6.722386197658997,0.23809523809523808,11,0.5238095238095238,0.47619047619047616,145.0,3.4523809523809526,10.69047619047619,89.48987804878048,-0.6428571428571423,1.1190476190476186
832,Carlos Sainz,SAI,Carlos,Sainz,Spanish,2020,1,17,105.0,6.176470588235294,8.352941176470589,8.941176470588236,2,20,0,1,0.058823529411764705,0.0,12,0.7058823529411765,12,0.7058823529411765,882,86.2748,212.5890666666667,30.3285,86.2748,0.5677062500000005,5.606587511973014,5.364644607493202,6.837934844759525,-0.5882352941176471,7,0.4117647058823529,0.5882352941176471,202.0,5.9411764705882355,8.617647058823529,85.70709375,0.3235294117647065,0.23529411764705888
832,Carlos Sainz,SAI,Carlos,Sainz,Spanish,2021,6,22,163.5,7.431818181818182,7.909090909090909,6.5,2,11,0,4,0.18181818181818182,0.0,20,0.9090909090909091,20,0.9090909090909091,1294,85.54295238095239,212.24190476190475,46.79726315789474,85.54295238095239,-0.3070726190476165,2.444624812970382,4.938419485319875,4.846786769741577,1.4090909090909092,3,0.13636363636363635,0.8636363636363636,322.5,7.329545454545454,7.113636363636363,85.850025,-0.6136363636363633,0.10227272727272751
832,Carlos Sainz,SAI,Carlos,Sainz,Spanish,2022,6,22,228.0,10.363636363636363,4.7272727272727275,7.863636363636363,1,20,1,9,0.4090909090909091,0.045454545454545456,16,0.7272727272727273,16,0.7272727272727273,1033,88.24011111111112,208.09977777777777,16.43525,88.24011111111112,-0.22026388888887993,7.434126294745991,7.58786910639328,9.009494751149791,-3.1363636363636362,6,0.2727272727272727,0.7272727272727273,519.0,11.795454545454545,6.681818181818182,88.460375,1.1818181818181817,-1.4318181818181817
832,Carlos Sainz,SAI,Carlos,Sainz,Spanish,2023,6,22,178.0,8.090909090909092,5.7727272727272725,7.5,1,20,1,3,0.13636363636363635,0.045454545454545456,18,0.8181818181818182,18,0.8181818181818182,1246,88.11380952380952,211.04695238095238,32.54294736842105,88.11380952380952,-0.09404047619047162,5.234955769131378,6.0781348244114275,4.558423058385519,-1.7272727272727273,3,0.13636363636363635,0.8636363636363636,363.0,8.25,7.863636363636363,88.20785,-0.3636363636363633,-0.15909090909090828
832,Carlos Sainz,SAI,Carlos,Sainz,Spanish,2024,6,23,262.0,11.391304347826088,4.826086956521739,5.695652173913044,1,18,2,9,0.391304347826087,0.08695652173913043,20,0.8695652173913043,20,0.8695652173913043,1343,87.82436363636363,214.2196818181818,21.9798,87.82436363636363,-0.27833201581029243,4.665490158490567,6.726738575097706,4.9571284560362425,-0.8695652173913043,3,0.13043478260869565,0.8695652173913043,595.0,12.395833333333334,5.145833333333333,88.10269565217392,0.5498188405797109,-1.0045289855072461
839,Esteban Ocon,OCO,Esteban,Ocon,French,2020,4,17,62.0,3.6470588235294117,10.058823529411764,10.411764705882353,2,19,0,1,0.058823529411764705,0.0,10,0.5882352941176471,10,0.5882352941176471,861,89.06182352941175,211.61211764705882,31.24277777777778,89.06182352941175,1.8770294117646955,4.874151509870869,4.80808143221634,5.947070460220186,-0.35294117647058826,8,0.47058823529411764,0.5294117647058824,181.0,5.323529411764706,8.941176470588236,87.18479411764706,1.4705882352941178,-1.676470588235294
839,Esteban Ocon,OCO,Esteban,Ocon,French,2021,214,22,74.0,3.3636363636363638,10.681818181818182,10.590909090909092,1,20,1,1,0.045454545454545456,0.045454545454545456,14,0.6363636363636364,14,0.6363636363636364,1152,87.41945000000001,209.1509,45.58788888888889,87.41945000000001,0.9085963414634222,4.92475854771041,5.802671425386386,4.058020757405322,0.09090909090909091,13,0.5909090909090909,0.40909090909090906,155.0,3.522727272727273,10.25,86.51085365853659,0.3409090909090917,-0.15909090909090917
839,Esteban Ocon,OCO,Esteban,Ocon,French,2022,214,22,89.0,4.045454545454546,10.727272727272727,8.863636363636363,4,16,0,0,0.0,0.0,16,0.7272727272727273,16,0.7272727272727273,1243,90.62413636363637,205.27313636363635,49.85817647058824,90.62413636363637,-0.1883181818181754,3.1667236267376615,3.552025213435727,4.580449702869739,1.8636363636363635,5,0.22727272727272727,0.7727272727272727,170.0,3.8636363636363638,9.863636363636363,90.81245454545454,-1.0,0.1818181818181821
839,Esteban Ocon,OCO,Esteban,Ocon,French,2023,214,22,56.0,2.5454545454545454,10.409090909090908,11.863636363636363,3,20,0,1,0.045454545454545456,0.0,12,0.5454545454545454,12,0.5454545454545454,1112,88.98371428571429,211.10095238095238,58.440230769230766,88.98371428571429,0.3408571428571463,5.120411577072171,4.008648658745746,6.427080154110365,-1.4545454545454546,9,0.4090909090909091,0.5909090909090908,110.0,2.5,11.272727272727273,88.64285714285714,0.5909090909090899,0.045454545454545414
839,Esteban Ocon,OCO,Esteban,Ocon,French,2024,214,23,23.0,1.0,12.565217391304348,13.695652173913043,2,20,0,1,0.043478260869565216,0.0,5,0.21739130434782608,5,0.21739130434782608,1236,89.02166666666666,212.56842857142857,49.302,89.02166666666666,0.272434108527122,3.9130873954496437,3.7416573867739413,5.207550006970535,-1.1304347826086956,16,0.6956521739130435,0.30434782608695654,63.0,1.3125,13.3125,88.74923255813954,0.383152173913043,-0.3125
840,Lance Stroll,STR,Lance,Stroll,Canadian,2019,211,21,21.0,1.0,15.285714285714286,12.761904761904763,4,20,0,0,0.0,0.0,6,0.2857142857142857,6,0.2857142857142857,1211,89.6642380952381,207.9012380952381,66.82433333333333,89.6642380952381,-0.28863995354238625,3.9230697407102246,2.6457513110645907,4.226334672254998,2.5238095238095237,15,0.7142857142857143,0.2857142857142857,73.0,1.7380952380952381,11.785714285714286,89.95287804878049,0.9761904761904763,-0.7380952380952381
840,Lance Stroll,STR,Lance,Stroll,Canadian,2020,211,16,75.0,4.6875,8.4375,10.4375,3,20,0,2,0.125,0.0,10,0.625,10,0.625,785,83.917,219.50692857142855,37.089600000000004,83.917,-0.8543870967741896,6.0988386872693505,5.770254182731756,5.240865068542279,-2.0,6,0.375,0.625,210.0,6.176470588235294,9.205882352941176,84.77138709677419,1.2316176470588243,-1.4889705882352944
840,Lance Stroll,STR,Lance,Stroll,Canadian,2021,117,22,34.0,1.5454545454545454,13.090909090909092,11.954545454545455,6,20,0,0,0.0,0.0,9,0.4090909090909091,9,0.4090909090909091,1170,86.40485,211.44520000000003,71.6471,86.40485,0.22692317073169477,4.259189199917356,2.364967989862356,4.212175713621672,1.1363636363636365,12,0.5454545454545454,0.4545454545454546,77.0,1.75,12.0,86.1779268292683,-0.04545454545454497,-0.20454545454545459
840,Lance Stroll,STR,Lance,Stroll,Canadian,2022,117,22,18.0,0.8181818181818182,14.227272727272727,12.045454545454545,6,18,0,0,0.0,0.0,8,0.36363636363636365,8,0.36363636363636365,1234,90.23518181818181,205.64422727272725,55.03623076923077,90.23518181818181,-0.14204545454545325,3.0154723664914576,1.8422647458873533,5.695749155427971,2.1818181818181817,9,0.4090909090909091,0.5909090909090908,55.0,1.25,11.886363636363637,90.37722727272727,0.15909090909090828,-0.43181818181818177
840,Lance Stroll,STR,Lance,Stroll,Canadian,2023,117,22,68.0,3.090909090909091,10.090909090909092,11.181818181818182,4,20,0,0,0.0,0.0,12,0.5454545454545454,12,0.5454545454545454,1165,87.89776190476191,212.3442380952381,51.36175,87.89776190476191,0.07129678848284016,5.252086783785621,4.069738389966923,8.023234657686038,-1.0909090909090908,6,0.2727272727272727,0.7272727272727273,266.0,6.045454545454546,8.909090909090908,87.82646511627907,2.2727272727272734,-2.954545454545455
840,Lance Stroll,STR,Lance,Stroll,Canadian,2024,117,24,24.0,1.0,12.666666666666666,13.375,6,19,0,0,0.0,0.0,6,0.25,6,0.25,1264,89.40063636363637,213.87513636363636,70.9236,89.40063636363637,0.6171030303030278,3.965201897376289,2.265046309153236,4.143923436705288,-0.7083333333333334,14,0.5833333333333334,0.41666666666666663,94.0,1.9583333333333333,11.770833333333334,88.78353333333334,1.604166666666666,-0.9583333333333333
841,Antonio Giovinazzi,GIO,Antonio,Giovinazzi,Italian,2019,51,21,14.0,0.6666666666666666,13.80952380952381,13.857142857142858,5,19,0,0,0.0,0.0,4,0.19047619047619047,4,0.19047619047619047,1211,89.87171428571429,207.35504761904764,44.59016666666667,89.87171428571429,0.08190476190476659,3.468223093829379,2.19848432637882,3.499659847416467,-0.047619047619047616,15,0.7142857142857143,0.2857142857142857,57.0,1.3571428571428572,12.738095238095237,89.78980952380952,1.1190476190476204,-0.6904761904761906
841,Antonio Giovinazzi,GIO,Antonio,Giovinazzi,Italian,2020,51,17,4.0,0.23529411764705882,16.764705882352942,14.647058823529411,9,20,0,0,0.0,0.0,3,0.17647058823529413,3,0.17647058823529413,893,89.88517647058823,210.2765294117647,36.849,89.88517647058823,2.028029411764706,3.1213213642339888,0.5622957145383871,4.4704914850212,2.1176470588235294,11,0.6470588235294118,0.3529411764705882,8.0,0.23529411764705882,13.852941176470589,87.85714705882353,0.7941176470588225,0.0
841,Antonio Giovinazzi,GIO,Antonio,Giovinazzi,Italian,2021,51,22,3.0,0.13636363636363635,12.818181818181818,13.090909090909092,9,17,0,0,0.0,0.0,2,0.09090909090909091,2,0.09090909090909091,1254,86.326,210.2094761904762,30.0345,86.326,0.05985365853656788,2.04494943258218,0.4675625290960757,4.366341153063405,-0.2727272727272727,18,0.8181818181818182,0.18181818181818177,13.0,0.29545454545454547,13.204545454545455,86.26614634146343,-0.11363636363636331,-0.15909090909090912
842,Pierre Gasly,GAS,Pierre,Gasly,French,2019,9,21,95.0,4.523809523809524,9.047619047619047,9.333333333333334,2,18,0,1,0.047619047619047616,0.0,14,0.6666666666666666,14,0.6666666666666666,1234,89.26271428571428,208.87085714285712,45.83144444444444,89.26271428571428,1.131567944250861,4.351245032554859,4.98617135304281,5.6581167992792185,-0.2857142857142857,12,0.5714285714285714,0.4285714285714286,417.0,9.928571428571429,6.261904761904762,88.13114634146342,3.071428571428572,-5.404761904761905
842,Pierre Gasly,GAS,Pierre,Gasly,French,2020,213,17,75.0,4.411764705882353,10.235294117647058,10.352941176470589,1,20,1,1,0.058823529411764705,0.058823529411764705,10,0.5882352941176471,10,0.5882352941176471,864,86.0810625,216.610875,40.060199999999995,86.0810625,-0.021028409090916966,5.589512238006419,6.295423174114387,6.556317115396956,-0.11764705882352941,7,0.4117647058823529,0.5882352941176471,107.0,3.1470588235294117,10.705882352941176,86.10209090909092,-0.352941176470587,1.2647058823529416
842,Pierre Gasly,GAS,Pierre,Gasly,French,2021,213,22,110.0,5.0,6.363636363636363,9.363636363636363,3,20,0,1,0.045454545454545456,0.0,15,0.6818181818181818,15,0.6818181818181818,1126,86.467,211.27714999999998,49.21369230769231,86.467,0.06592307692308452,5.323313097842577,4.908690058991104,6.195236265143758,-3.0,9,0.4090909090909091,0.5909090909090908,142.0,3.227272727272727,11.272727272727273,86.40107692307691,-1.90909090909091,1.772727272727273
842,Pierre Gasly,GAS,Pierre,Gasly,French,2022,213,22,23.0,1.0454545454545454,10.772727272727273,12.454545454545455,5,20,0,0,0.0,0.0,6,0.2727272727272727,6,0.2727272727272727,1237,90.45863636363636,205.17245454545454,61.405307692307694,90.45863636363636,-0.015805496828747323,3.6479253428982483,2.3599288271606986,5.093285623402486,-1.6818181818181819,9,0.4090909090909091,0.5909090909090908,35.0,0.7954545454545454,13.522727272727273,90.4744418604651,-1.0681818181818183,0.25
842,Pierre Gasly,GAS,Pierre,Gasly,French,2023,214,22,54.0,2.4545454545454546,11.136363636363637,10.681818181818182,3,20,0,1,0.045454545454545456,0.0,11,0.5,11,0.5,1248,88.302,212.61838095238096,62.93605263157895,88.302,-0.3408571428571321,3.9567466630862476,3.9002719407909514,4.992635268714001,0.45454545454545453,3,0.13636363636363635,0.8636363636363636,110.0,2.5,11.272727272727273,88.64285714285714,-0.5909090909090917,-0.045454545454545414
842,Pierre Gasly,GAS,Pierre,Gasly,French,2024,214,24,40.0,1.6666666666666667,12.291666666666666,12.875,3,20,0,1,0.041666666666666664,0.0,9,0.375,9,0.375,1262,88.45909523809524,211.3837142857143,59.270818181818186,88.45909523809524,-0.2901373200442947,4.83027139394159,3.667325369028339,6.52697857169474,-0.5833333333333334,13,0.5416666666666666,0.45833333333333337,63.0,1.3125,13.3125,88.74923255813954,-0.4375,0.35416666666666674
844,Charles Leclerc,LEC,Charles,Leclerc,Monegasque,2019,6,21,264.0,12.571428571428571,4.285714285714286,5.571428571428571,1,20,2,10,0.47619047619047616,0.09523809523809523,18,0.8571428571428571,18,0.8571428571428571,1156,88.59552380952381,210.3845238095238,24.10264705882353,88.59552380952381,0.09657142857142276,5.51879904119935,6.8086079970242706,2.239260081876537,-1.2857142857142858,4,0.19047619047619047,0.8095238095238095,504.0,12.0,6.0,88.49895238095239,-0.4285714285714288,0.5714285714285712
844,Charles Leclerc,LEC,Charles,Leclerc,Monegasque,2020,6,17,98.0,5.764705882352941,8.470588235294118,9.882352941176471,2,20,0,2,0.11764705882352941,0.0,10,0.5882352941176471,10,0.5882352941176471,822,89.2105625,213.3390625,36.5009,89.2105625,1.1153125000000017,6.3529752177737215,6.290165059089326,5.958804657074812,-1.411764705882353,7,0.4117647058823529,0.5882352941176471,131.0,3.8529411764705883,10.705882352941176,88.09525,-0.8235294117647047,1.9117647058823528
844,Charles Leclerc,LEC,Charles,Leclerc,Monegasque,2021,6,22,159.0,7.2272727272727275,6.454545454545454,7.7272727272727275,2,20,0,1,0.045454545454545456,0.0,18,0.8181818181818182,18,0.8181818181818182,1145,86.18942105263157,216.2084210526316,43.6343125,86.18942105263157,0.3393960526315709,5.015991742434707,5.236609391779944,5.504818825631803,-1.2727272727272727,6,0.2727272727272727,0.7272727272727273,322.5,7.329545454545454,7.113636363636363,85.850025,0.6136363636363642,-0.10227272727272663
844,Charles Leclerc,LEC,Charles,Leclerc,Monegasque,2022,6,22,291.0,13.227272727272727,3.909090909090909,5.5,1,20,3,11,0.5,0.13636363636363635,19,0.8636363636363636,19,0.8636363636363636,1189,88.64059090909092,209.52518181818184,16.80242105263158,88.64059090909092,0.18021590909091856,5.869615059983146,7.708571717385648,8.033614444256148,-1.5909090909090908,3,0.13636363636363635,0.8636363636363636,519.0,11.795454545454545,6.681818181818182,88.460375,-1.1818181818181817,1.4318181818181817
844,Charles Leclerc,LEC,Charles,Leclerc,Monegasque,2023,6,22,185.0,8.409090909090908,4.863636363636363,8.227272727272727,2,20,0,6,0.2727272727272727,0.0,16,0.7272727272727273,16,0.7272727272727273,1147,88.31178947368421,211.73157894736843,32.791705882352936,88.31178947368421,0.10393947368422118,6.711268549322515,6.702231973000742,7.569018647753704,-3.3636363636363638,5,0.22727272727272727,0.7727272727272727,363.0,8.25,7.863636363636363,88.20785,0.3636363636363633,0.15909090909090828
844,Charles Leclerc,LEC,Charles,Leclerc,Monegasque,2024,6,24,327.0,13.625,5.416666666666667,4.541666666666667,1,19,3,13,0.5416666666666666,0.125,21,0.875,21,0.875,1413,88.19139130434783,214.95186956521738,21.01090909090909,88.19139130434783,0.08869565217391084,4.252663274647575,6.870304720790901,4.316928255741273,0.875,2,0.08333333333333333,0.9166666666666666,595.0,12.395833333333334,5.145833333333333,88.10269565217392,-0.6041666666666661,1.229166666666666
846,Lando Norris,NOR,Lando,Norris,British,2019,1,21,49.0,2.3333333333333335,9.333333333333334,11.333333333333334,6,20,0,0,0.0,0.0,11,0.5238095238095238,11,0.5238095238095238,1102,90.28552380952381,206.4367142857143,57.69875,90.28552380952381,0.7956457607433265,4.83045891539648,2.816617356570348,4.636809247747852,-2.0,13,0.6190476190476191,0.38095238095238093,145.0,3.4523809523809526,10.69047619047619,89.48987804878048,0.6428571428571441,-1.119047619047619
846,Lando Norris,NOR,Lando,Norris,British,2020,1,17,97.0,5.705882352941177,8.764705882352942,8.294117647058824,3,16,0,1,0.058823529411764705,0.0,13,0.7647058823529411,13,0.7647058823529411,1015,85.20617647058825,219.05747058823528,33.11966666666667,85.20617647058825,-0.5009172794117518,4.027479141509502,5.229300931797109,4.758119994530712,0.47058823529411764,5,0.29411764705882354,0.7058823529411764,202.0,5.9411764705882355,8.617647058823529,85.70709375,-0.32352941176470473,-0.23529411764705888
846,Lando Norris,NOR,Lando,Norris,British,2021,1,22,160.0,7.2727272727272725,6.863636363636363,7.0,2,15,0,4,0.18181818181818182,0.0,20,0.9090909090909091,20,0.9090909090909091,1223,85.49745,213.70659999999998,41.772600000000004,85.49745,-0.2462817073170669,3.532165125838609,5.708655234706733,3.979656057709302,-0.13636363636363635,7,0.3181818181818182,0.6818181818181819,274.0,6.2272727272727275,7.795454545454546,85.74373170731707,-0.7954545454545459,1.045454545454545
846,Lando Norris,NOR,Lando,Norris,British,2022,1,22,116.0,5.2727272727272725,8.045454545454545,8.772727272727273,3,19,0,1,0.045454545454545456,0.0,17,0.7727272727272727,17,0.7727272727272727,1253,89.6634090909091,207.0540909090909,50.84544444444444,89.6634090909091,-0.7401257928118241,4.363613816680566,4.300407712474074,4.153963318977583,-0.7272727272727273,4,0.18181818181818182,0.8181818181818181,150.0,3.409090909090909,10.636363636363637,90.40353488372092,-1.8636363636363633,1.8636363636363633
846,Lando Norris,NOR,Lando,Norris,British,2023,1,22,184.0,8.363636363636363,7.954545454545454,8.0,2,20,0,7,0.3181818181818182,0.0,16,0.7272727272727273,16,0.7272727272727273,1273,88.83513636363637,210.3295909090909,34.75461111111111,88.83513636363637,0.7636014799154367,6.078847008469694,7.467679275801403,5.313749216507186,-0.045454545454545456,4,0.18181818181818182,0.8181818181818181,266.0,6.045454545454546,9.454545454545455,88.07153488372093,-1.454545454545455,2.3181818181818175
846,Lando Norris,NOR,Lando,Norris,British,2024,1,24,344.0,14.333333333333334,3.375,4.291666666666667,1,20,4,13,0.5416666666666666,0.16666666666666666,23,0.9583333333333334,23,0.9583333333333334,1437,87.28200000000001,217.2271739130435,15.496869565217391,87.28200000000001,-0.22130434782607722,4.080485549397348,7.203058931524474,4.871538161399437,-0.9166666666666666,1,0.041666666666666664,0.9583333333333334,609.0,12.6875,4.708333333333333,87.50330434782609,-0.4166666666666661,1.645833333333334
847,George Russell,RUS,George,Russell,British,2019,3,21,0.0,0.0,16.761904761904763,15.80952380952381,11,20,0,0,0.0,0.0,0,0.0,0,0.0,1182,90.58866666666667,205.84152380952378,20.0015,90.58866666666667,-0.3571428571428612,2.064438122566225,0.0,4.873152885721835,0.9523809523809523,19,0.9047619047619048,0.09523809523809523,1.0,0.023809523809523808,16.404761904761905,90.94580952380953,-0.5952380952380949,-0.023809523809523808
847,George Russell,RUS,George,Russell,British,2020,3,17,3.0,0.17647058823529413,13.764705882352942,15.294117647058824,9,20,0,0,0.0,0.0,1,0.058823529411764705,1,0.058823529411764705,910,86.27376470588236,216.6751176470588,34.889250000000004,86.27376470588236,-1.5788529411764642,3.015889294270285,0.7276068751089989,5.821486569799242,-1.5294117647058822,13,0.7647058823529411,0.23529411764705888,0.0,0.0,15.735294117647058,87.85261764705882,-0.4411764705882337,0.17647058823529413
847,George Russell,RUS,George,Russell,British,2021,3,22,16.0,0.7272727272727273,13.0,13.909090909090908,2,19,0,1,0.045454545454545456,0.0,4,0.18181818181818182,4,0.18181818181818182,1141,86.967,208.61519047619046,50.3455,86.967,-0.04680487804877487,4.173716978894642,2.0743746775908884,4.545108211914064,-0.9090909090909091,18,0.8181818181818182,0.18181818181818177,23.0,0.5227272727272727,14.727272727272727,87.01380487804877,-0.8181818181818183,0.20454545454545459
847,George Russell,RUS,George,Russell,British,2022,131,22,262.0,11.909090909090908,5.454545454545454,5.0,1,18,1,8,0.36363636363636365,0.045454545454545456,20,0.9090909090909091,20,0.9090909090909091,1240,88.71433333333333,207.77461904761904,26.802100000000003,88.71433333333333,0.3389761904761883,3.866830866792722,5.588330450987775,4.798087642138795,0.45454545454545453,2,0.09090909090909091,0.9090909090909091,495.0,11.25,5.5227272727272725,88.37535714285714,-0.5227272727272725,0.6590909090909083
847,George Russell,RUS,George,Russell,British,2023,131,22,157.0,7.136363636363637,6.454545454545454,8.090909090909092,3,19,0,2,0.09090909090909091,0.0,17,0.7727272727272727,17,0.7727272727272727,1252,87.89495454545455,211.87572727272726,41.467444444444446,87.89495454545455,0.29393128964059656,5.181552358944648,4.892126371313443,7.461299864701571,-1.6363636363636365,4,0.18181818181818182,0.8181818181818181,374.0,8.5,7.136363636363637,87.60102325581396,0.954545454545455,-1.3636363636363633
847,George Russell,RUS,George,Russell,British,2024,131,24,226.0,9.416666666666666,5.625,6.75,1,20,2,4,0.16666666666666666,0.08333333333333333,21,0.875,21,0.875,1423,87.85352173913043,215.86726086956523,249.50609090909091,87.85352173913043,0.17754396135265438,4.989118594283573,6.385558888526563,6.367802842698434,-1.125,3,0.125,0.875,433.0,9.020833333333334,6.854166666666667,87.67597777777777,-0.10416666666666696,0.39583333333333215
848,Alexander Albon,ALB,Alexander,Albon,Thai,2019,5,21,92.0,4.380952380952381,9.238095238095237,9.333333333333334,4,19,0,0,0.0,0.0,13,0.6190476190476191,13,0.6190476190476191,1245,89.1917619047619,209.02280952380954,48.054857142857145,89.1917619047619,-0.4262380952381051,4.270050741306633,4.576856896126319,5.233591137113807,-0.09523809523809523,7,0.3333333333333333,0.6666666666666667,85.0,2.0238095238095237,11.5,89.61800000000001,-2.166666666666666,2.3571428571428577
848,Alexander Albon,ALB,Alexander,Albon,Thai,2020,9,17,105.0,6.176470588235294,7.352941176470588,8.294117647058824,3,17,0,2,0.11764705882352941,0.0,12,0.7058823529411765,12,0.7058823529411765,994,85.12188235294117,219.3759411764706,40.484846153846156,85.12188235294117,-0.7531176470588292,4.551987284175355,5.514019565136298,5.814535538580168,-0.9411764705882353,4,0.23529411764705882,0.7647058823529411,319.0,9.382352941176471,7.705882352941177,85.875,0.5882352941176476,-3.2058823529411766
848,Alexander Albon,ALB,Alexander,Albon,Thai,2022,3,21,4.0,0.19047619047619047,15.619047619047619,13.904761904761905,9,20,0,0,0.0,0.0,3,0.14285714285714285,3,0.14285714285714285,1100,90.23694736842106,201.86647368421052,58.611111111111114,90.23694736842106,-0.6786240601503835,3.2389004601062057,0.5117663157191589,4.314427623020893,1.7142857142857142,12,0.5714285714285714,0.4285714285714286,8.0,0.18181818181818182,14.954545454545455,90.91557142857144,-1.04978354978355,0.008658008658008642
848,Alexander Albon,ALB,Alexander,Albon,Thai,2023,3,22,25.0,1.1363636363636365,11.954545454545455,12.409090909090908,7,19,0,0,0.0,0.0,7,0.3181818181818182,7,0.3181818181818182,1149,89.27047619047619,210.3552857142857,65.4974,89.27047619047619,0.16105758582502006,3.7753472361157394,2.007022303846803,4.205747458931847,-0.45454545454545453,7,0.3181818181818182,0.6818181818181819,26.0,0.5909090909090909,14.113636363636363,89.10941860465117,-1.704545454545455,0.5454545454545455
848,Alexander Albon,ALB,Alexander,Albon,Thai,2024,3,24,12.0,0.5,12.041666666666666,14.541666666666666,7,20,0,0,0.0,0.0,4,0.16666666666666666,4,0.16666666666666666,1139,89.3668,215.04375,73.83442857142857,89.3668,-0.22680975609756615,4.032252220659627,1.3513278493843524,5.579465456708975,-2.5,17,0.7083333333333334,0.29166666666666663,17.0,0.3617021276595745,15.127659574468085,89.59360975609756,-0.585992907801419,0.1382978723404255
849,Nicholas Latifi,LAT,Nicholas,Latifi,Canadian,2020,3,17,0.0,0.0,17.470588235294116,15.764705882352942,11,19,0,0,0.0,0.0,0,0.0,0,0.0,915,89.31452941176471,210.959,46.409,89.31452941176471,1.4619117647058886,2.7957425615725486,0.0,6.459147639998185,1.7058823529411764,11,0.6470588235294118,0.3529411764705882,0.0,0.0,15.735294117647058,87.85261764705882,0.029411764705884025,0.0
849,Nicholas Latifi,LAT,Nicholas,Latifi,Canadian,2021,3,22,7.0,0.3181818181818182,15.227272727272727,15.545454545454545,7,20,0,0,0.0,0.0,2,0.09090909090909091,2,0.09090909090909091,1191,87.06295,208.71585,48.75319999999999,87.06295,0.04914512195122711,3.247376563543955,1.2867960816866657,4.853926870133713,-0.3181818181818182,17,0.7727272727272727,0.2272727272727273,23.0,0.5227272727272727,14.727272727272727,87.01380487804877,0.8181818181818183,-0.20454545454545453
849,Nicholas Latifi,LAT,Nicholas,Latifi,Canadian,2022,3,22,2.0,0.09090909090909091,17.5,16.227272727272727,9,19,0,0,0.0,0.0,1,0.045454545454545456,1,0.045454545454545456,1155,91.69672727272727,203.0215,59.284142857142854,91.69672727272727,0.7811558441558333,2.3890986182642626,0.42640143271122083,3.5880996188036463,1.2727272727272727,15,0.6818181818181818,0.31818181818181823,8.0,0.18181818181818182,14.954545454545455,90.91557142857144,1.2727272727272716,-0.09090909090909091
850,Pietro Fittipaldi,FIT,Pietro,Fittipaldi,Brazilian,2020,210,2,0.0,0.0,18.5,18.0,17,19,0,0,0.0,0.0,0,0.0,0,0.0,140,79.72449999999999,208.74,36.858,79.72449999999999,-7.756562500000001,1.4142135623730951,0.0,3.5355339059327378,0.5,1,0.5,0.5,3.0,0.08823529411764706,15.794117647058824,87.4810625,2.2058823529411757,-0.08823529411764706
851,Jack Aitken,AIT,Jack,Aitken,British,2020,3,1,0.0,0.0,17.0,16.0,16,16,0,0,0.0,0.0,0,0.0,0,0.0,87,57.392,222.24,33.674,57.392,-30.460617647058818,0.0,0.0,0.0,1.0,0,0.0,1.0,0.0,0.0,15.735294117647058,87.85261764705882,0.264705882352942,0.0
852,Yuki Tsunoda,TSU,Yuki,Tsunoda,Japanese,2021,213,22,32.0,1.4545454545454546,11.5,13.181818181818182,4,20,0,0,0.0,0.0,7,0.3181818181818182,7,0.3181818181818182,1078,86.3316842105263,210.24742105263158,51.05557142857143,86.3316842105263,-0.0693927125506093,4.573592561406067,3.1430539096216403,6.650358841992868,-1.6818181818181819,15,0.6818181818181818,0.31818181818181823,142.0,3.227272727272727,11.272727272727273,86.40107692307691,1.9090909090909083,-1.7727272727272725
852,Yuki Tsunoda,TSU,Yuki,Tsunoda,Japanese,2022,213,22,12.0,0.5454545454545454,12.227272727272727,14.590909090909092,7,20,0,0,0.0,0.0,4,0.18181818181818182,4,0.18181818181818182,1101,90.491,203.45971428571426,62.95725,90.491,0.016558139534893712,3.923786933066562,1.5032432470296548,6.821153753445126,-2.3636363636363638,14,0.6363636363636364,0.36363636363636365,35.0,0.7954545454545454,13.522727272727273,90.4744418604651,1.0681818181818183,-0.25
852,Yuki Tsunoda,TSU,Yuki,Tsunoda,Japanese,2023,213,22,14.0,0.6363636363636364,13.818181818181818,13.181818181818182,8,20,0,0,0.0,0.0,6,0.2727272727272727,6,0.2727272727272727,1202,88.0824,210.483,62.652857142857144,88.0824,-0.2770285714285592,3.6467384467084143,1.364357673585582,4.259951425449138,0.6363636363636364,8,0.36363636363636365,0.6363636363636364,22.0,0.5,13.613636363636363,88.35942857142857,-0.43181818181818166,0.13636363636363635
852,Yuki Tsunoda,TSU,Yuki,Tsunoda,Japanese,2024,215,24,29.0,1.2083333333333333,11.083333333333334,13.166666666666666,7,20,0,0,0.0,0.0,9,0.375,9,0.375,1249,89.62286363636363,213.35095454545453,63.749222222222215,89.62286363636363,0.5841136363636394,4.4002634967214975,2.0847096902815085,3.5742638848916264,-2.0833333333333335,15,0.625,0.375,40.0,0.8333333333333334,13.291666666666666,89.03875,-0.125,0.3749999999999999
853,Nikita Mazepin,MAZ,Nikita,Mazepin,Russian,2021,210,22,0.0,0.0,18.5,17.863636363636363,14,20,0,0,0.0,0.0,0,0.0,0,0.0,1008,87.2041111111111,208.28833333333333,23.154,87.2041111111111,-0.01904678362573975,1.7537837882012637,0.0,2.127942322559173,0.6363636363636364,20,0.9090909090909091,0.09090909090909094,0.0,0.0,17.386363636363637,87.22315789473684,0.4772727272727266,0.0
854,Mick Schumacher,MSC,Mick,Schumacher,German,2021,210,22,0.0,0.0,17.545454545454547,16.90909090909091,12,20,0,0,0.0,0.0,0,0.0,0,0.0,1135,87.2403,209.65569999999997,31.612,87.2403,0.01714210526316151,2.136064269344573,0.0,3.4162838978919288,0.6363636363636364,19,0.8636363636363636,0.13636363636363635,0.0,0.0,17.386363636363637,87.22315789473684,-0.4772727272727266,0.0
854,Mick Schumacher,MSC,Mick,Schumacher,German,2022,210,22,12.0,0.5454545454545454,13.136363636363637,14.409090909090908,6,20,0,0,0.0,0.0,2,0.09090909090909091,2,0.09090909090909091,1142,90.21080952380952,204.07814285714284,50.413777777777774,90.21080952380952,-0.9189999999999969,3.3616760404396198,1.8702501163843026,6.4304470568265595,-1.2727272727272727,13,0.5909090909090909,0.40909090909090906,33.0,0.75,14.272727272727273,91.12980952380951,0.1363636363636349,-0.20454545454545459
855,Guanyu Zhou,ZHO,Guanyu,Zhou,Chinese,2022,51,22,6.0,0.2727272727272727,13.363636363636363,14.318181818181818,8,20,0,0,0.0,0.0,3,0.13636363636363635,3,0.13636363636363635,1060,90.85366666666667,203.6290476190476,55.794,90.85366666666667,0.7473095238095198,3.4694086724968756,0.8827348295047496,4.932663462184384,-0.9545454545454546,12,0.5454545454545454,0.4545454545454546,53.0,1.2045454545454546,13.204545454545455,90.10635714285715,1.1136363636363633,-0.9318181818181819
855,Guanyu Zhou,ZHO,Guanyu,Zhou,Chinese,2023,51,22,6.0,0.2727272727272727,14.772727272727273,14.045454545454545,9,19,0,0,0.0,0.0,3,0.13636363636363635,3,0.13636363636363635,1244,88.631,210.23218181818183,68.21266666666666,88.631,-0.6219772727272641,2.8026734299554694,0.7025001733142088,5.547902376504185,0.7272727272727273,10,0.45454545454545453,0.5454545454545454,16.0,0.36363636363636365,14.0,89.25297727272726,0.04545454545454497,-0.09090909090909094
855,Guanyu Zhou,ZHO,Guanyu,Zhou,Chinese,2024,15,24,4.0,0.16666666666666666,16.75,15.5,8,20,0,0,0.0,0.0,1,0.041666666666666664,1,0.041666666666666664,1345,89.08513043478261,212.78252173913043,74.93383333333334,89.08513043478261,-0.059347826086948885,2.8590056039606258,0.816496580927726,4.245201895132289,1.25,18,0.75,0.25,4.0,0.08333333333333333,15.666666666666666,89.14447826086956,-0.16666666666666607,0.08333333333333333
856,Nyck de Vries,DEV,Nyck,de Vries,Dutch,2022,3,1,2.0,2.0,8.0,9.0,9,9,0,0,0.0,0.0,1,1.0,1,1.0,53,86.624,240.75,7.122,86.624,-4.291571428571444,0.0,0.0,0.0,-1.0,0,0.0,1.0,8.0,0.18181818181818182,14.954545454545455,90.91557142857144,-5.954545454545455,1.8181818181818181
856,Nyck de Vries,DEV,Nyck,de Vries,Dutch,2023,213,10,0.0,0.0,14.6,15.9,12,20,0,0,0.0,0.0,0,0.0,0,0.0,561,86.786,210.7516,66.51833333333333,86.786,-1.5734285714285647,2.4698178070456938,0.0,6.03784361801095,-1.3,7,0.7,0.30000000000000004,22.0,0.5,13.613636363636363,88.35942857142857,2.286363636363637,-0.5
857,Oscar Piastri,PIA,Oscar,Piastri,Australian,2023,1,22,82.0,3.727272727272727,9.636363636363637,10.909090909090908,2,20,0,2,0.09090909090909091,0.0,11,0.5,11,0.5,1185,87.27157142857143,210.2989523809524,42.06428571428571,87.27157142857143,-0.799963455149495,5.397610502268492,5.470107670062621,5.461395410226201,-1.2727272727272727,8,0.36363636363636365,0.6363636363636364,266.0,6.045454545454546,9.454545454545455,88.07153488372093,1.4545454545454533,-2.318181818181819
857,Oscar Piastri,PIA,Oscar,Piastri,Australian,2024,1,24,265.0,11.041666666666666,5.416666666666667,5.125,1,13,2,8,0.3333333333333333,0.08333333333333333,23,0.9583333333333334,23,0.9583333333333334,1444,87.72460869565217,216.14734782608696,29.321250000000003,87.72460869565217,0.22130434782607722,3.111165027138058,7.0493858299649155,3.3424693639995207,0.2916666666666667,0,0.0,1.0,609.0,12.6875,4.708333333333333,87.50330434782609,0.41666666666666696,-1.645833333333334
858,Logan Sargeant,SAR,Logan,Sargeant,American,2023,3,22,1.0,0.045454545454545456,15.909090909090908,15.818181818181818,10,20,0,0,0.0,0.0,1,0.045454545454545456,1,0.045454545454545456,1142,88.95568181818182,209.38777272727273,78.60677777777778,88.95568181818182,-0.15373678646935218,3.095870731218535,0.21320071635561041,5.895188440859779,0.09090909090909091,13,0.5909090909090909,0.40909090909090906,26.0,0.5909090909090909,14.113636363636363,89.10941860465117,1.704545454545455,-0.5454545454545455
858,Logan Sargeant,SAR,Logan,Sargeant,American,2024,3,14,0.0,0.0,17.142857142857142,17.142857142857142,11,20,0,0,0.0,0.0,0,0.0,0,0.0,769,88.42023076923077,212.6466153846154,90.04233333333333,88.42023076923077,-1.173378986866794,2.6269942712345036,0.0,3.0382181012509997,0.0,11,0.7857142857142857,0.2142857142857143,17.0,0.3617021276595745,15.127659574468085,89.59360975609756,2.0151975683890573,-0.3617021276595745
859,Liam Lawson,LAW,Liam,Lawson,New Zealander,2023,213,5,2.0,0.4,13.8,12.2,9,17,0,0,0.0,0.0,1,0.2,1,0.2,293,89.014,212.8266,54.23433333333333,89.014,0.6545714285714297,3.0331501776206204,0.894427190999916,2.5099800796022267,1.6,2,0.4,0.6,22.0,0.5,13.613636363636363,88.35942857142857,-1.413636363636364,-0.09999999999999998
859,Liam Lawson,LAW,Liam,Lawson,New Zealander,2024,215,6,4.0,0.6666666666666666,13.166666666666666,13.5,9,17,0,0,0.0,0.0,2,0.3333333333333333,2,0.3333333333333333,357,88.58716666666668,209.52583333333334,68.669,88.58716666666668,-0.4515833333333177,3.6193922141707713,1.0327955589886444,5.819507424745384,-0.3333333333333333,2,0.3333333333333333,0.6666666666666667,40.0,0.8333333333333334,13.291666666666666,89.03875,0.20833333333333393,-0.16666666666666674
860,Oliver Bearman,BEA,Oliver,Bearman,British,2024,210,3,7.0,2.3333333333333335,12.0,9.666666666666666,7,12,0,0,0.0,0.0,2,0.6666666666666666,2,0.6666666666666666,170,93.90933333333334,210.34133333333332,64.297,93.90933333333334,5.159724637681165,2.5166114784235836,3.214550253664318,2.0816659994661326,2.3333333333333335,0,0.0,1.0,51.0,1.0625,12.395833333333334,88.74960869565217,-2.729166666666668,1.2708333333333335
861,Franco Colapinto,COL,Franco,Colapinto,Argentinian ,2024,3,9,5.0,0.5555555555555556,13.777777777777779,13.555555555555555,8,19,0,0,0.0,0.0,2,0.2222222222222222,2,0.2222222222222222,397,92.067375,207.159125,79.5,92.067375,2.4737652439024345,3.972125095937662,1.3333333333333335,5.868938953886336,0.2222222222222222,5,0.5555555555555556,0.4444444444444444,17.0,0.3617021276595745,15.127659574468085,89.59360975609756,-1.5721040189125297,0.1938534278959811
862,Jack Doohan,DOO,Jack,Doohan,Australian,2024,214,1,0.0,0.0,17.0,15.0,15,15,0,0,0.0,0.0,0,0.0,0,0.0,57,89.121,213.323,,89.121,0.37176744186045596,0.0,0.0,0.0,2.0,1,1.0,0.0,63.0,1.3125,13.3125,88.74923255813954,1.6875,-1.3125
